value,count,share
Anna,2,0.3333333333333333
Bob,1,0.16666666666666666
Charlie,1,0.16666666666666666
David,1,0.16666666666666666
Eve,1,0.16666666666666666
