value,count,share
Moscow,2,0.2857142857142857
Novosibirsk,2,0.2857142857142857
SPb,1,0.14285714285714285
Kazan,1,0.14285714285714285
Ekaterinburg,1,0.14285714285714285
