value,count,share
active,5,0.7142857142857143
inactive,1,0.14285714285714285
banned,1,0.14285714285714285
