,user_id,age,almost_zeros,high_card_id
user_id,1.0,0.7094326806924703,0.2041241452319315,1.0
age,0.7094326806924703,1.0,0.4242389665571444,0.7094326806924703
almost_zeros,0.2041241452319315,0.4242389665571444,1.0,0.2041241452319315
high_card_id,1.0,0.7094326806924703,0.2041241452319315,1.0
